id,title,score,num_comments,author,created_utc,url,over_18,edited,spoiler,stickied
1l09uh6,"This sentence has sixty-nine consonants and thirty-four vowels, three commas, two hyphens, seventeen spaces and one full stop.",2,3,PresentDangers,2025-05-31 22:49:04,https://www.reddit.com/r/meta/comments/1l09uh6/this_sentence_has_sixtynine_consonants_and/,False,False,False,False
1l10ang,How do I submit a support ticket,1,1,Cool_Net_3796,2025-06-01 21:22:00,https://www.reddit.com/r/meta/comments/1l10ang/how_do_i_submit_a_support_ticket/,False,False,False,False
1l0ah6z,Help,0,1,IntelligentNeck1437,2025-05-31 23:18:27,https://i.redd.it/vtxm6dlja74f1.jpeg,False,False,False,False
1l09hlu,suspended without any reason,0,3,Victor_Sullivan_23,2025-05-31 22:32:24,https://www.reddit.com/gallery/1l09hlu,False,False,False,False
1l0nxo9,Apple reportedly naming macOS 26 after California‚Äôs Lake Tahoe to signify redesign,809,122,iMacmatician,2025-06-01 12:36:59,https://9to5mac.com/2025/06/01/apple-macos-26-named-tahoe-gurman/,False,False,False,False
1l0xea4,Instagram Expected to Release iPad App Later This Year,637,72,Tenlow85,2025-06-01 19:21:18,https://forums.macrumors.com/threads/instagram-expected-to-release-ipad-app-later-this-year.2458024/,False,False,False,False
1l0n9cr,Apple Developer Event Will Show It‚Äôs Still Far From Being an AI Leader,344,239,iMacmatician,2025-06-01 12:01:23,https://www.bloomberg.com/news/newsletters/2025-06-01/apple-s-wwdc-2025-plan-macos-tahoe-apple-intelligence-ai-ios-26-games-app-mbdlzqpz,False,False,False,False
1l0r8l2,Shortcuts is getting an AI-powered revamp; here‚Äôs what that could mean,154,43,iMacmatician,2025-06-01 15:09:36,https://9to5mac.com/2025/06/01/shortcuts-ai-revamp/,False,False,False,False
1l0vwun,pico-mac-nano : a diminutive macintosh facsimile,20,3,iMacmatician,2025-06-01 18:20:50,https://blog.1bitrainbow.com/pico-mac-nano/,False,False,False,False
1l0lc3e,"Daily Advice Thread - June 01, 2025",2,6,AutoModerator,2025-06-01 10:01:29,https://www.reddit.com/r/apple/comments/1l0lc3e/daily_advice_thread_june_01_2025/,False,False,False,True
1l0wg3y,I built Jogr ‚Äì a simple calendar to plan and track your running races üèÉ‚Äç‚ôÇÔ∏èüì±,0,5,Fr_Ghost_Fr,2025-06-01 18:42:39,https://www.reddit.com/r/apple/comments/1l0wg3y/i_built_jogr_a_simple_calendar_to_plan_and_track/,False,False,False,False
1l0xmpt,"Found neat use of private, on-device AI for my meaningful reminders app, Pearl",0,1,MatthewWaller,2025-06-01 19:31:14,https://www.reddit.com/r/apple/comments/1l0xmpt/found_neat_use_of_private_ondevice_ai_for_my/,False,False,False,False
1l0buum,The 2025 'Tudum' Event is Horrifically Bad,237,117,MovieFan0512,2025-06-01 00:26:19,https://www.reddit.com/r/netflix/comments/1l0buum/the_2025_tudum_event_is_horrifically_bad/,False,False,False,False
1l0czo5,TUDUM is the cringiest thing I have ever seen.,155,54,CosmosisJones42,2025-06-01 01:27:01,https://www.reddit.com/r/netflix/comments/1l0czo5/tudum_is_the_cringiest_thing_i_have_ever_seen/,False,False,False,False
1l0t23z,Is Dept Q worth watching ?,85,138,Longjumping-Elk-7840,2025-06-01 16:24:26,https://www.reddit.com/r/netflix/comments/1l0t23z/is_dept_q_worth_watching/,False,False,False,False
1l0bma9,I've never seen Tudum before...,81,53,Lucky_Chaarmss,2025-06-01 00:14:00,https://www.reddit.com/r/netflix/comments/1l0bma9/ive_never_seen_tudum_before/,False,False,False,False
1l0umzr,Looking for a ‚ÄúLimited Series‚Äù show to watch. What‚Äôs your favourite?,46,140,geniebythesea,2025-06-01 17:29:13,https://www.reddit.com/r/netflix/comments/1l0umzr/looking_for_a_limited_series_show_to_watch_whats/,False,False,False,False
1l0catv,ONE PIECE: Season 2 | Chopper First Look | Netflix,42,1,Significant-Chart661,2025-06-01 00:49:46,https://www.youtube.com/watch?v=rT0r90co_EA,False,False,False,False
1l0i61j,Glitch: A Hidden Gem Worth Watching on Netflix?,32,14,killwish_,2025-06-01 06:25:24,https://www.reddit.com/r/netflix/comments/1l0i61j/glitch_a_hidden_gem_worth_watching_on_netflix/,False,False,False,False
1l0kn9h,Kaos (CANCELLED?),23,15,DrMonocular,2025-06-01 09:13:11,https://www.reddit.com/r/netflix/comments/1l0kn9h/kaos_cancelled/,False,False,False,False
1l097pf,The Secrets we keep (2024),20,8,norman3355,2025-05-31 22:19:40,https://www.reddit.com/r/netflix/comments/1l097pf/the_secrets_we_keep_2024/,False,False,False,False
1l0bsi6,Squid Game Season 3 Trailer,21,3,iPhone13pm,2025-06-01 00:22:57,https://youtu.be/zgGTVaG2UiQ?si=T6YjfIfRiYeMejLt,False,False,False,False
1l0dtys,"Netflix Confirms 'Wake Up Dead Man: A Knives Out Mystery' December Premiere, Reveals Detailed Cast Information in New Teaser",17,1,MysticCrest1830,2025-06-01 02:13:21,https://voicefilm.com/netflix-confirms-wake-up-dead-man-a-knives-out-mystery-december-premiere-reveals-detailed-cast-information/,False,False,False,False
1l0apdw,"that Chris Watt movie was so hard to watch American Murder"" The Family Next Door",15,24,crosstheroom,2025-05-31 23:28:59,https://www.reddit.com/r/netflix/comments/1l0apdw/that_chris_watt_movie_was_so_hard_to_watch/,False,False,False,False
1l0cvvu,Joined the Reddit just to ask,9,16,LushCorp,2025-06-01 01:21:23,https://www.reddit.com/r/netflix/comments/1l0cvvu/joined_the_reddit_just_to_ask/,False,False,False,False
1l0z2jh,Dept Q - Martin,5,8,627UK,2025-06-01 20:31:49,https://www.reddit.com/r/netflix/comments/1l0z2jh/dept_q_martin/,False,False,False,False
1l0ssno,Sirens: Devon the Narc/Free Simone,4,8,Mountain-Purple2907,2025-06-01 16:13:35,https://www.reddit.com/r/netflix/comments/1l0ssno/sirens_devon_the_narcfree_simone/,False,False,False,False
1l0gd21,Sirens Theory,6,0,MysteriousMortgage4,2025-06-01 04:33:40,https://www.reddit.com/r/netflix/comments/1l0gd21/sirens_theory/,False,False,True,False
1l0pj0e,"Thoughts about the series ""Bet"" in Netflix",4,8,Yushin1896,2025-06-01 13:54:41,https://www.reddit.com/r/netflix/comments/1l0pj0e/thoughts_about_the_series_bet_in_netflix/,False,False,False,False
1l0hdwo,Shouldn't it be tuh-duhm not tuh-doom?,4,7,crustychad,2025-06-01 05:35:45,https://www.reddit.com/r/netflix/comments/1l0hdwo/shouldnt_it_be_tuhduhm_not_tuhdoom/,False,False,False,False
1l0wblx,"'Stranger Things' Season 5 - Official Teaser - Volume 1: November 26 , Volume 2: December 25, Finale: December 31",3,0,Neo2199,2025-06-01 18:37:41,https://www.youtube.com/watch?v=QlYrNC_1Xmk,False,False,False,False
1l109wf,Netflix says ‚ÄòYour device isn‚Äôt part of the Netflix Household for this account‚Äô,2,1,Frosty-Engineering24,2025-06-01 21:21:08,https://www.reddit.com/r/netflix/comments/1l109wf/netflix_says_your_device_isnt_part_of_the_netflix/,False,False,False,False
1l0qpyb,"Absolutely hooked on ""The Trauma Code: Heroes on Call""!",2,0,killwish_,2025-06-01 14:47:49,https://www.reddit.com/r/netflix/comments/1l0qpyb/absolutely_hooked_on_the_trauma_code_heroes_on/,False,False,False,False
1l0b8x4,Netflix downloads,2,7,Hungry_Detective4182,2025-05-31 23:55:09,https://www.reddit.com/r/netflix/comments/1l0b8x4/netflix_downloads/,False,False,False,False
1l10vnc,Screen darkening on mobile,1,0,40Four-,2025-06-01 21:46:39,https://www.reddit.com/r/netflix/comments/1l10vnc/screen_darkening_on_mobile/,False,False,False,False
1l0zzd8,Looking for recommendations!,1,0,rakacha69,2025-06-01 21:09:07,https://www.reddit.com/r/netflix/comments/1l0zzd8/looking_for_recommendations/,False,False,False,False
1l0p9va,Suggest me,1,3,Realistic_Library309,2025-06-01 13:42:51,https://www.reddit.com/r/netflix/comments/1l0p9va/suggest_me/,False,False,False,False
1l0nf8l,Nickelodeon removed from netflix???,1,2,j_uliaq,2025-06-01 12:10:06,https://www.reddit.com/r/netflix/comments/1l0nf8l/nickelodeon_removed_from_netflix/,False,False,False,False
1l0id1z,any recs?,1,0,Much-Age6527,2025-06-01 06:38:33,https://www.reddit.com/r/netflix/comments/1l0id1z/any_recs/,False,False,False,False
1l0ggw0,Bet: is the live action adaptation of Kakeguri worth checking out?,1,2,Shi_draws,2025-06-01 04:40:04,https://www.reddit.com/r/netflix/comments/1l0ggw0/bet_is_the_live_action_adaptation_of_kakeguri/,False,False,False,False
1l0xa9h,Screen keeps jumping every time I turn captions on?,0,1,UndertaleErin,2025-06-01 19:16:43,https://v.redd.it/voxll3ys7d4f1,False,False,False,False
1l0wxi4,Tudum red carpet,0,0,zay69707,2025-06-01 19:02:10,https://www.reddit.com/r/netflix/comments/1l0wxi4/tudum_red_carpet/,False,False,False,False
1l0dn2v,"Can't even watch ""Tudum""",0,0,Wiggle789,2025-06-01 02:02:51,https://www.reddit.com/r/netflix/comments/1l0dn2v/cant_even_watch_tudum/,False,False,False,False
1l0d0n7,Wake Up Dead Man Release Date,0,1,JoeSnaffles,2025-06-01 01:28:30,https://www.reddit.com/r/netflix/comments/1l0d0n7/wake_up_dead_man_release_date/,False,False,False,False
1l0sl2a,What is going on with Twilight and Netflix?,0,6,Not_Jewels,2025-06-01 16:04:44,https://www.yahoo.com/entertainment/articles/netflix-just-added-entire-twilight-201853327.html,False,False,False,False
1l0ghg2,Random Restart??,0,1,jaded_11,2025-06-01 04:41:00,https://www.reddit.com/r/netflix/comments/1l0ghg2/random_restart/,False,False,False,False
1l108or,"Thank You, Next (Netflix) Seyyaz or Beliz are the only people I would want to date from the show? Thoughts Anyone?",0,0,Female_Gaze21,2025-06-01 21:19:45,https://www.reddit.com/r/netflix/comments/1l108or/thank_you_next_netflix_seyyaz_or_beliz_are_the/,False,False,False,False
1l0z46k,NETFLIX YOU NEED TO HURRY!!,0,0,Thin-Plantain4721,2025-06-01 20:33:40,https://v.redd.it/9mr6pzv1md4f1,False,False,False,False
1l0om89,Stars Hint WWE Unreal Release Date at Netflix Tudum 2025,0,3,abhilash512,2025-06-01 13:11:03,https://wrestlingspoilers.com/wwe-unreal-release-date-netflix-tudum-2025/,False,False,False,False
1l0lnni,"New season of Tires, June 5th",0,0,EroticManga,2025-06-01 10:22:29,https://v.redd.it/kpsn8kwvka4f1,True,False,False,False
1l0l79p,"TIL it‚Äôs pronounced Tuh-doom, not Tuh-dum",0,14,PrestigeArrival,2025-06-01 09:52:14,https://www.reddit.com/r/netflix/comments/1l0l79p/til_its_pronounced_tuhdoom_not_tuhdum/,False,False,False,False
1l0iex4,Netflix was wrong for what they did to Squid Game,0,10,Kellsbells976,2025-06-01 06:41:57,https://www.reddit.com/r/netflix/comments/1l0iex4/netflix_was_wrong_for_what_they_did_to_squid_game/,False,False,False,False
1l0sd48,One Piece Live-Action: Tony Chopper‚Äôs Adaptation Lacks the Cuteness We Love,0,2,gnshgtr,2025-06-01 15:55:47,https://animexnews.com/one-piece-live-action-tony-choppers-adaptation-lacks-the-cuteness/,False,False,False,False
1l0lw42,This is why I shouldn‚Äôt impulse buy,0,2,Disastrous_Mirror_87,2025-06-01 10:37:59,https://www.reddit.com/r/netflix/comments/1l0lw42/this_is_why_i_shouldnt_impulse_buy/,False,False,False,False
1l0xx0e,"Love, Death & Robots was disappointing this season",0,10,SnooSketches2648,2025-06-01 19:43:21,https://www.reddit.com/r/netflix/comments/1l0xx0e/love_death_robots_was_disappointing_this_season/,False,False,False,False
1l0bn59,American Manhunt: Osama Bin Laden,0,12,Creative-Algae6527,2025-06-01 00:15:12,https://www.reddit.com/r/netflix/comments/1l0bn59/american_manhunt_osama_bin_laden/,False,False,False,False
1l0e53e,Google Nest,6,6,MrsToeLivz,2025-06-01 02:30:24,https://i.redd.it/kad52zes884f1.jpeg,False,False,False,False
1l0q7ee,Google assistant will no longrr navigate by voice command,6,9,Lumpymaximus,2025-06-01 14:25:29,https://www.reddit.com/r/google/comments/1l0q7ee/google_assistant_will_no_longrr_navigate_by_voice/,False,False,False,False
1l0bdl7,Support Megathread - June 2025,5,1,AutoModerator,2025-06-01 00:01:33,https://www.reddit.com/r/google/comments/1l0bdl7/support_megathread_june_2025/,False,False,False,False
1l0yf8t,Don't know why but it stopped working it's live 2 overs left but no update here,3,0,Dismal_Ad_6547,2025-06-01 20:04:50,https://i.redd.it/ni43butwgd4f1.png,False,False,False,False
1l0ibwh,Gemini Adds Share Camera or Screen with Gemini Live for iOS and Android,1,0,Dexter01010,2025-06-01 06:36:26,https://www.androidsage.com/2025/05/30/gemini-share-camera-or-screen-with-gemini-live-ios-android/,False,False,False,False
1l0famw,google keep telling me to verify my YT account,1,5,draconit,2025-06-01 03:32:49,https://www.reddit.com/r/google/comments/1l0famw/google_keep_telling_me_to_verify_my_yt_account/,False,False,False,False
1l0fzxm,Beyond the Buzz: What Google I/O 2025 Really Revealed,0,0,ElyeProj,2025-06-01 04:12:18,https://medium.com/tech-ai-chat/7-subtle-insights-from-google-at-its-i-o-2025-5c5929a4cba0?sk=b58d14c5805612762fb9f403044fd02e,False,False,False,False
1l0vupt,Chat Conversation Exporter 5 Star review,0,0,Ninja-Worldly,2025-06-01 18:18:26,https://chromewebstore.google.com/detail/dmglonbbabmibnoinncpdpdodabohdfp?utm_source=item-share-reddit,False,False,False,False
1l0uc3b,why can‚Äôt i disconnect my icloud photo storage from my google one? i can‚Äôt use up my storage on photos i already have on a different application,0,1,Worldly_Resist5862,2025-06-01 17:16:56,https://www.reddit.com/gallery/1l0uc3b,False,False,False,False
1l0lzz3,New AI Summary element for ublock origin,0,0,FCKGW8T,2025-06-01 10:44:55,https://www.reddit.com/r/google/comments/1l0lzz3/new_ai_summary_element_for_ublock_origin/,False,False,False,False
1l09tjy,A Bug blocking my email!,0,3,Ill_Donut_,2025-05-31 22:47:55,https://i.redd.it/77ia6zh3574f1.jpeg,False,False,False,False
1l0o9gy,New Pixel Tablet..,0,2,davidcantswim,2025-06-01 12:53:56,https://www.reddit.com/r/google/comments/1l0o9gy/new_pixel_tablet/,False,False,False,False
1l0xw0d,Gemini Season: Hallucinations in Full Bloom,0,1,LicenseToPost,2025-06-01 19:42:09,https://i.redd.it/ekp4jzntcd4f1.png,False,False,False,False
1l0niat,GLITCH FOUND,0,0,Glittering-Taste-216,2025-06-01 12:14:43,https://i.redd.it/e5jf11g15b4f1.png,False,False,False,False
1l0mgrn,TY FOR THE INFORMATION I WILL BE STARTING TOMMOROW GUYS,0,2,Jolly_Examination_67,2025-06-01 11:14:09,https://i.redd.it/im0c6yf8ua4f1.png,False,False,False,False
1l0h9wg,Google Hates Android Chrome,0,4,turtle_u,2025-06-01 05:28:55,https://i.redd.it/fvavrlsm494f1.png,False,False,False,False
1l0h559,‡∏Å‡∏π‡πÄ‡∏Å‡∏¥‡∏•‡πÅ‡∏•‡∏∞‡∏Å‡∏£‡∏∞‡∏ó‡∏£‡∏ß‡∏á‡∏¢‡∏∏‡∏ï‡∏¥‡∏ò‡∏£‡∏£‡∏°‡∏™‡∏π‡πâ‡∏Å‡∏±‡∏ô‡πÄ‡∏Å‡∏µ‡πà‡∏¢‡∏ß‡∏Å‡∏±‡∏ö‡∏ß‡πà‡∏≤ AI ‡∏à‡∏∞‡πÄ‡∏õ‡∏•‡∏µ‡πà‡∏¢‡∏ô‡πÄ‡∏ß‡πá‡∏ö‡∏≠‡∏¢‡πà‡∏≤‡∏á‡πÑ‡∏£‡πÉ‡∏ô‡∏Å‡∏≤‡∏£‡∏õ‡∏¥‡∏î‡∏Ñ‡∏î‡∏µ‡∏ï‡πà‡∏≠‡∏ï‡πâ‡∏≤‡∏ô‡∏Å‡∏≤‡∏£‡∏ú‡∏π‡∏Å‡∏Ç‡∏≤‡∏î | ‡∏Å‡∏π‡πÄ‡∏Å‡∏¥‡∏•‡πÅ‡∏•‡∏∞‡∏Å‡∏£‡∏∞‡∏ó‡∏£‡∏ß‡∏á‡∏¢‡∏∏‡∏ï‡∏¥‡∏ò‡∏£‡∏£‡∏°‡∏°‡∏µ‡πÇ‡∏≠‡∏Å‡∏≤‡∏™‡∏™‡∏∏‡∏î‡∏ó‡πâ‡∏≤‡∏¢‡πÉ‡∏ô‡∏Å‡∏≤‡∏£‡πÄ‡∏™‡∏ô‡∏≠‡∏Ç‡πâ‡∏≠‡πÇ‡∏ï‡πâ‡πÅ‡∏¢‡πâ‡∏á‡∏Ç‡∏≠‡∏á‡∏û‡∏ß‡∏Å‡πÄ‡∏Ç‡∏≤,0,0,Frosty-Training-2655,2025-06-01 05:20:46,https://arstechnica.com/gadgets/2025/05/google-and-doj-tussle-over-how-ai-will-remake-the-web-in-antitrust-closing-arguments/,False,False,False,False
1l0q8ut,It's 2025 ‚Äî Why Is the Microsoft Store Still This Broken?,91,34,Fuzzy-Bug8702,2025-06-01 14:27:18,https://www.reddit.com/r/microsoft/comments/1l0q8ut/its_2025_why_is_the_microsoft_store_still_this/,False,False,False,False
1l0s5hb,Video game union announces first contract with Microsoft,12,0,Well_Socialized,2025-06-01 15:47:02,https://techcrunch.com/2025/06/01/video-game-union-announces-first-contract-with-microsoft,False,False,False,False
1l0dusd,What to use when we lose Publisher?,10,10,human72949626383,2025-06-01 02:14:37,https://www.reddit.com/r/microsoft/comments/1l0dusd/what_to_use_when_we_lose_publisher/,False,False,False,False
1l10l37,Hotmail or outlook?,3,1,_sunny-side_,2025-06-01 21:34:06,https://www.reddit.com/r/microsoft/comments/1l10l37/hotmail_or_outlook/,False,False,False,False
1l0wgnp,Imagine Microsoft shutting down forever. How would you react?,0,11,Background-Jello-221,2025-06-01 18:43:13,https://www.reddit.com/r/microsoft/comments/1l0wgnp/imagine_microsoft_shutting_down_forever_how_would/,False,False,False,False
1l0vlvw,Need to upload 10gb to OneDrive QUICK,0,22,IlikeAssboi,2025-06-01 18:08:29,https://www.reddit.com/r/microsoft/comments/1l0vlvw/need_to_upload_10gb_to_onedrive_quick/,False,False,False,False
1l0t3fy,Employees - everybody ready for RTO this September?,0,7,homeownur,2025-06-01 16:25:59,https://www.reddit.com/r/microsoft/comments/1l0t3fy/employees_everybody_ready_for_rto_this_september/,False,False,False,False
1l0rvso,I'm currently in verges of tear and frustration of getting my facebook account permanently disabled.,30,94,NormalfloridaCitizen,2025-06-01 15:36:01,https://www.reddit.com/gallery/1l0rvso,False,False,False,False
1l0kdvu,"Hello, my facebook account was locked on may 19th. My facebook and instagram were hacked..",6,3,Annual-Product570,2025-06-01 08:55:15,https://www.reddit.com/gallery/1l0kdvu,False,False,False,False
1l0igiz,I've deleted all my content on FB and my account is actively dormant. What is this? Facebook's Video Storage Policy Is Changing: Download Your Old Live Videos In The Next 7 Days,4,1,lookskAIwatcher,2025-06-01 06:45:01,https://i.redd.it/fmy56gcsh94f1.jpeg,False,False,False,False
1l0spla,why is facebook suggesting bot-looking gross pervy accounts as friends suggestions?,6,4,curlybrownnihha,2025-06-01 16:09:58,https://www.reddit.com/r/facebook/comments/1l0spla/why_is_facebook_suggesting_botlooking_gross_pervy/,False,False,False,False
1l0dt5i,My Yahoo account got deleted. Is it possible that this will affect my Facebook account?,3,12,Risa_Rose,2025-06-01 02:12:11,https://www.reddit.com/r/facebook/comments/1l0dt5i/my_yahoo_account_got_deleted_is_it_possible_that/,False,False,False,False
1l0blri,"Are suggested groups on FB random, or should I be concerned about what I‚Äôve seen?",4,21,erlagent,2025-06-01 00:13:13,https://www.reddit.com/r/facebook/comments/1l0blri/are_suggested_groups_on_fb_random_or_should_i_be/,False,False,False,False
1l0ur58,Trying to remove an email adress from my Facebook account. It lets me get on the screen to delete the email. I click delete email. Then it just doesn‚Äôt do anything and doesn‚Äôt let me click anything. Been waiting on the screen no update so refreshed but nothing changed?,3,1,Long-Ant-689,2025-06-01 17:33:57,https://www.reddit.com/r/facebook/comments/1l0ur58/trying_to_remove_an_email_adress_from_my_facebook/,False,False,False,False
1l0sxck,What‚Äôs going on with Facebook dating? It‚Äôs been like this for me for a while (thru updates it never got fixed),3,3,Next-Expression-4594,2025-06-01 16:18:58,https://i.redd.it/jyix8h5mcc4f1.jpeg,False,False,False,False
1l0l1lj,Facebook meta ads card verification issue. On second screen card verification details failed.,3,3,Asleep_Ad_2602,2025-06-01 09:41:07,https://www.reddit.com/r/facebook/comments/1l0l1lj/facebook_meta_ads_card_verification_issue_on/,False,False,False,False
1l0dg8y,There IS hope to get accounts unbanned after fake Instagram account connection,3,3,Moist-Specific-4234,2025-06-01 01:52:19,https://www.reddit.com/r/facebook/comments/1l0dg8y/there_is_hope_to_get_accounts_unbanned_after_fake/,False,False,False,False
1l0so68,"HELP, I THINK I'M HACKED Can anyone tell me how to delete these accounts I can't open account centers for these accounts.",2,1,Routine-Potential244,2025-06-01 16:08:19,https://i.redd.it/hrbc00mpac4f1.jpeg,False,False,False,False
1l0n9j9,"New members to FB group joining without approval, answering required questions",2,5,GalFromAway,2025-06-01 12:01:36,https://www.reddit.com/r/facebook/comments/1l0n9j9/new_members_to_fb_group_joining_without_approval/,False,False,False,False
1l0kw1g,Facebook Messenger Question regarding likeing and unliking Facebook message,2,2,m4rs29,2025-06-01 09:30:26,https://www.reddit.com/r/facebook/comments/1l0kw1g/facebook_messenger_question_regarding_likeing_and/,False,False,False,False
1l0kn7z,Where To Get Legal Help Against Meta In Australia - Mutliple Missing Payouts,2,2,Lower-Assumption-309,2025-06-01 09:13:07,https://www.reddit.com/r/facebook/comments/1l0kn7z/where_to_get_legal_help_against_meta_in_australia/,False,False,False,False
1l0dh5l,Facebook Harrassment after i've asked the person to stop. They keep sending DMs on alts.,2,13,DarkxWitch,2025-06-01 01:53:46,https://www.reddit.com/r/facebook/comments/1l0dh5l/facebook_harrassment_after_ive_asked_the_person/,False,False,False,False
1l0aqpr,Facebooks new account creation verification is too hard for seniors to do. Needing advice.,2,2,Skye_Fire,2025-05-31 23:30:40,https://www.reddit.com/r/facebook/comments/1l0aqpr/facebooks_new_account_creation_verification_is/,False,False,False,False
1l08xcm,"A profile of a guy from Vietnam is friends with me, but it‚Äôs impossible for him to have my name?",2,11,kizkizzy,2025-05-31 22:06:06,https://www.reddit.com/r/facebook/comments/1l08xcm/a_profile_of_a_guy_from_vietnam_is_friends_with/,False,False,False,False
1l11277,What is up with Facebooks ads. I thought nudity wasn't allowed. This is just obvious.,1,1,surgesss,2025-06-01 21:54:39,https://i.redd.it/f8a5yl4i0e4f1.png,False,False,False,False
1l0ztqm,HELP ! Lost access to an old number that i was using on my account for 2FA,1,1,Admirable-Cattle5196,2025-06-01 21:02:58,https://www.reddit.com/r/facebook/comments/1l0ztqm/help_lost_access_to_an_old_number_that_i_was/,False,False,False,False
1l0ywyt,Not being able to change fb password using forget password option.*..*********************,1,1,Air_Such,2025-06-01 20:25:25,https://www.reddit.com/r/facebook/comments/1l0ywyt/not_being_able_to_change_fb_password_using_forget/,False,False,False,False
1l0yulz,Anyone here experiencing the same with pin messages on messenger. Its getting me pissed,1,1,Easy-Tangerine-1102,2025-06-01 20:22:43,https://www.reddit.com/r/facebook/comments/1l0yulz/anyone_here_experiencing_the_same_with_pin/,False,False,False,False
1l0y8fu,"Your shortcuts on Facebook, I don't understand them and I can't find any useful information.",1,1,toe_tag,2025-06-01 19:56:51,https://www.reddit.com/r/facebook/comments/1l0y8fu/your_shortcuts_on_facebook_i_dont_understand_them/,False,False,False,False
1l0xex7,"My account got hacked last month, I couldn‚Äôt recover it so I just made a new one. Since then I‚Äôve gotten restricted by Facebook (on my new account) four times almost back to back and had to verify my identity. This last time they told me I got disabled. Anything I can do?",1,4,BeardsAndScotch8332,2025-06-01 19:22:06,https://i.redd.it/sii97wea9d4f1.jpeg,False,False,False,False
1l0x607,Did messages that disappeared with end-to-end encryption ever get back to you?,1,1,Matteo978,2025-06-01 19:11:52,https://www.reddit.com/r/facebook/comments/1l0x607/did_messages_that_disappeared_with_endtoend/,False,False,False,False
1l0u3ic,"Account was locked after I was hacked, am now unable to get back in.",1,3,Pink_Loftwings,2025-06-01 17:06:55,https://i.redd.it/xd0jsg16lc4f1.jpeg,False,False,False,False
1l0tq1m,How do i see how many posts i have in total (not just 90 days) on my business page?,1,1,Iamarealbouy,2025-06-01 16:51:53,https://www.reddit.com/r/facebook/comments/1l0tq1m/how_do_i_see_how_many_posts_i_have_in_total_not/,False,False,False,False
1l0t5s4,Facebook account is logged out and cant login because email is inactive and old number is inactive tooüò¢ Help,1,3,Mysterious-Sock7769,2025-06-01 16:28:42,https://www.reddit.com/r/facebook/comments/1l0t5s4/facebook_account_is_logged_out_and_cant_login/,False,False,False,False
1l0shac,"Bro what the hell is wrong with this app , sent a friend request to my crush on accident",1,1,Original-Lychee-7486,2025-06-01 16:00:37,https://www.reddit.com/r/facebook/comments/1l0shac/bro_what_the_hell_is_wrong_with_this_app_sent_a/,False,False,False,False
1l0r0qj,"I just noticed that some of my posts from late 2020 to early 2021 are missing their reactions data, +10000 reactions!",1,1,Yehhanyos,2025-06-01 15:00:43,https://www.reddit.com/r/facebook/comments/1l0r0qj/i_just_noticed_that_some_of_my_posts_from_late/,False,False,False,False
1l0qc71,"Can‚Äôt remove or change account name in other language, doesn‚Äôt show on computer at all",1,1,Jozhik29,2025-06-01 14:31:24,https://www.reddit.com/r/facebook/comments/1l0qc71/cant_remove_or_change_account_name_in_other/,False,False,False,False
1l0q9vj,Why even show me there is a post or comment in the first place if it will not be visible to me?,1,1,Impressive_Ad_1675,2025-06-01 14:28:37,https://www.reddit.com/r/facebook/comments/1l0q9vj/why_even_show_me_there_is_a_post_or_comment_in/,False,False,False,False
1l0q41r,Facebook messenger constantly writing in SSD via Chrome 20-60MB/s non stop,1,1,stubeerie,2025-06-01 14:21:10,https://www.reddit.com/r/facebook/comments/1l0q41r/facebook_messenger_constantly_writing_in_ssd_via/,False,False,False,False
1l0ox5z,"does anyone know    to whom,  may i ask for legal help  regarding meta  in Serbia",1,1,World_Eater_Skyrim,2025-06-01 13:25:59,https://www.reddit.com/r/facebook/comments/1l0ox5z/does_anyone_know_to_whom_may_i_ask_for_legal_help/,False,False,False,False
1l0ng5f,"Logged out of account and keep getting ""Check your notifications on another device"" message",1,3,letsgomets8601,2025-06-01 12:11:26,https://www.reddit.com/r/facebook/comments/1l0ng5f/logged_out_of_account_and_keep_getting_check_your/,False,False,False,False
1l0kmvv,Is there an error? Facebook said they sent a code in WhatsApp but there's nothing at all there's no code,1,2,JuggernautNo5281,2025-06-01 09:12:32,https://www.reddit.com/r/facebook/comments/1l0kmvv/is_there_an_error_facebook_said_they_sent_a_code/,False,False,False,False
1l0kdp8,My Facebook Meta Verified verification process for getting it verified,1,4,HotboyyyHenryyy,2025-06-01 08:54:54,https://i.redd.it/fl787n0e5a4f1.jpeg,False,False,False,False
1l0hvfp,Finally a downvote on fb does anyone know if this will be implemented on all posts?,1,7,Revolutionary_Toe838,2025-06-01 06:06:20,https://i.redd.it/3jv7gj7bb94f1.jpeg,False,False,False,False
1l0dh39,"I was trying to list in a private group, but it shows up in my profile. Does that mean it's not going into the group and everyone can see it?",1,5,randomusername123458,2025-06-01 01:53:39,https://www.reddit.com/r/facebook/comments/1l0dh39/i_was_trying_to_list_in_a_private_group_but_it/,False,False,False,False
1l0cvbc,How do I change the city of a marketplace listing? Accidentally selected the wrong city,1,1,standardtrickyness1,2025-06-01 01:20:32,https://www.reddit.com/r/facebook/comments/1l0cvbc/how_do_i_change_the_city_of_a_marketplace_listing/,False,False,False,False
1l0cowt,How to report if a scam is using my photos in their lil work? What to do?,1,1,internChief,2025-06-01 01:11:05,https://i.redd.it/ro8mjpymu74f1.jpeg,False,False,False,False
1l0b5vj,"Suddenly even sending a handful of friend requests to some members of the main group I run on FB, is being supposedly redefined by FB as ""spam"" and not permissible. I'm assuming this is the latest stupid glitch currently happening to a number of us *rolls eyes*",1,2,DowntownRise7,2025-05-31 23:51:01,https://www.reddit.com/r/facebook/comments/1l0b5vj/suddenly_even_sending_a_handful_of_friend/,False,False,False,False
1l0ai6z,"Just downloaded Messenger Kids, having issues receiving messages randomly",1,1,lostwheezy,2025-05-31 23:19:45,https://www.reddit.com/r/facebook/comments/1l0ai6z/just_downloaded_messenger_kids_having_issues/,False,False,False,False
1l0a7we,"Seeking advice: Unable to log into my account after getting a new phone, have done the biometric scans and ID pictures multiple times",1,2,Cyclopsnshinyrocks,2025-05-31 23:06:13,https://www.reddit.com/r/facebook/comments/1l0a7we/seeking_advice_unable_to_log_into_my_account/,False,False,False,False
1l09spx,Can somone help me in this im stuck and hopless the 2fa problem loop,1,1,Any_Werewolf_2809,2025-05-31 22:46:51,https://www.reddit.com/r/facebook/comments/1l09spx/can_somone_help_me_in_this_im_stuck_and_hopless/,False,False,False,False
1l0xgf2,"Need help after i reset my password, someone still have access to my account by their phone",0,3,Swimming_Fennel5856,2025-06-01 19:23:53,https://www.reddit.com/r/facebook/comments/1l0xgf2/need_help_after_i_reset_my_password_someone_still/,False,False,False,False
1l0fyel,Can I monetize my Facebook page if I upload copyright-free movies/videos?,0,2,Ok_Button_7153,2025-06-01 04:09:53,https://www.reddit.com/r/facebook/comments/1l0fyel/can_i_monetize_my_facebook_page_if_i_upload/,False,False,False,False
1l0dvgo,Made 2 accounts with the same number and Facebook refuses to let me in the non deleted account,0,2,emanadelh,2025-06-01 02:15:41,https://www.reddit.com/r/facebook/comments/1l0dvgo/made_2_accounts_with_the_same_number_and_facebook/,False,False,False,False
1l0bpu7,My FaceBook account got hacked. Someone in Indonesia logged in to my account.,0,1,sailblueHI,2025-06-01 00:19:07,https://i.redd.it/oki8u6eqk74f1.jpeg,False,False,False,False
1l09pk5,how does someone remove a business account from their messenger profile?,0,1,wildM4N04,2025-05-31 22:42:50,https://www.reddit.com/r/facebook/comments/1l09pk5/how_does_someone_remove_a_business_account_from/,False,False,False,False
1l094s6,Everytime I make a facebook account it gets instantly disabled. Can someone help?,0,23,Eufamis,2025-05-31 22:15:54,https://www.reddit.com/r/facebook/comments/1l094s6/everytime_i_make_a_facebook_account_it_gets/,False,False,False,False
1l0oe0d,Thanks Facebook for not protecting me from psychopaths and disabling me.,0,51,nervous1231,2025-06-01 13:00:10,https://www.reddit.com/gallery/1l0oe0d,False,False,False,False
1l0yb42,Save 20¬¢ per gallon with this Amazon Prime Fuel Savings offer this June - USA Today,1,0,AmazonNewsBot,2025-06-01 20:00:04,https://www.usatoday.com/story/shopping/2025/06/01/amazon-prime-gas-discount-june-2025/83926949007/,False,False,False,False
1l0m8b1,Streaming Sunday - Amazon Prime Video,1,0,AmazonNewsBot,2025-06-01 11:00:05,https://www.reddit.com/r/amazon/comments/1l0m8b1/streaming_sunday_amazon_prime_video/,False,False,False,True
1l09j1j,App keeps refreshing & Can‚Äôt see my search history,31,3,Fun_Comfortable7219,2025-05-31 22:34:17,https://www.reddit.com/r/Twitter/comments/1l09j1j/app_keeps_refreshing_cant_see_my_search_history/,False,False,False,False
1l0rrzp,Anyone use AI translate bots like @translatemom or @ezdubs_bot for video translations?,10,1,LoquaciousIndividual,2025-06-01 15:31:42,https://www.reddit.com/r/Twitter/comments/1l0rrzp/anyone_use_ai_translate_bots_like_translatemom_or/,False,False,False,False
1l0ft16,"June 2025 - /r/Twitter Mega Open Thread for everything else - UN/SUSPENDED, LOCKED OR AGE-LOCKED ACCOUNT PROBLEMS & QUESTIONS GO IN THIS THREAD ONLY",3,9,AutoModerator,2025-06-01 04:01:42,https://www.reddit.com/r/Twitter/comments/1l0ft16/june_2025_rtwitter_mega_open_thread_for/,False,False,False,True
1l0ot1y,Error loading places,1,1,oneandonlyloser,2025-06-01 13:20:23,https://i.redd.it/v4jg7q4rgb4f1.jpeg,False,False,False,False
1l0kcaf,Can‚Äôt change displayname,1,2,BubbyIsBest,2025-06-01 08:52:08,https://www.reddit.com/r/Twitter/comments/1l0kcaf/cant_change_displayname/,False,False,False,False
1l0iwku,Swipe for media,1,1,Kenpach11,2025-06-01 07:14:17,https://www.reddit.com/r/Twitter/comments/1l0iwku/swipe_for_media/,False,False,False,False
1l0fz78,Maine or fellow New Englander Twitter users help please,1,4,SirArchieMaccaw,2025-06-01 04:11:10,https://www.reddit.com/r/Twitter/comments/1l0fz78/maine_or_fellow_new_englander_twitter_users_help/,False,False,False,False
1l0came,"(Samsung Android tablets app) White space gaps on either side of tweets with annoying pointless black scroll line, changed a year ago, any way back ?",1,1,vscience,2025-06-01 00:49:27,https://www.reddit.com/r/Twitter/comments/1l0came/samsung_android_tablets_app_white_space_gaps_on/,False,False,False,False
1l0c25i,Video Issues,1,1,jaybaby344,2025-06-01 00:36:56,https://www.reddit.com/r/Twitter/comments/1l0c25i/video_issues/,False,False,False,False
1l0vwcr,Very bizarre accompanying tags for each text/ label on X,0,1,artikilate,2025-06-01 18:20:16,https://i.redd.it/887msp19yc4f1.jpeg,False,False,False,False
1l0mez5,does anybody else lose the ability to post/bookmark/like tweets?,0,1,transdirkisreal,2025-06-01 11:11:02,https://www.reddit.com/r/Twitter/comments/1l0mez5/does_anybody_else_lose_the_ability_to/,False,False,False,False
1l0hj0e,Can't add anyone to lists,0,2,dumtaurus,2025-06-01 05:44:44,https://www.reddit.com/gallery/1l0hj0e,False,False,False,False
1l0wues,Does this mean the persons page is deactivated?,0,3,Massive-Lie-3916,2025-06-01 18:58:50,https://i.redd.it/xesllvy45d4f1.jpeg,False,False,False,False
1l0wq7j,It won‚Äôt let me make a new account,0,4,Todoroki_Finder_2005,2025-06-01 18:53:58,https://i.redd.it/uz0dx1p94d4f1.jpeg,False,False,False,False
1l0oyac,These ¬´¬ª symbols ruined the display name,0,2,ApplicationTall5588,2025-06-01 13:27:26,https://www.reddit.com/r/Twitter/comments/1l0oyac/these_symbols_ruined_the_display_name/,False,False,False,False
1l0c1mw,I got [Try again] error when i try to get verified,0,5,ChaseAtlantic001,2025-06-01 00:36:12,https://i.redd.it/1z1ym7keo74f1.jpeg,False,False,False,False
1l0wms8,Caught in a datamist scrolling X,0,4,SeaweedHeavy1712,2025-06-01 18:50:01,https://www.reddit.com/r/Twitter/comments/1l0wms8/caught_in_a_datamist_scrolling_x/,False,False,False,False
1l0uybs,do block chains still work?,0,4,Appropriate_Law_6939,2025-06-01 17:41:57,https://www.reddit.com/r/Twitter/comments/1l0uybs/do_block_chains_still_work/,False,False,False,False
1l0ro2x,Cleveland Browns WR Diontae Johnson skips voluntary OTA,1785,346,mastermind208,2025-06-01 15:27:17,https://www.si.com/nfl/browns/news/cleveland-browns-diontae-johnson-raises-eyebrows-questionable-decision,False,False,False,False
1l0rl95,[Highlight] Von Miller strip sacks Cam Newton in Super Bowl 50,1270,248,Either_Imagination_9,2025-06-01 15:24:03,https://v.redd.it/ryxw2qzs2c4f1,False,False,False,False
1l0t4lf,George Pickens says he forced a trade out of Steelers organization: ‚ÄòThey were gladly keeping me‚Äô,1240,245,BreakfastTop6899,2025-06-01 16:27:18,https://www.pennlive.com/steelers/2025/06/george-pickens-says-he-forced-a-trade-out-of-steelers-organization-they-were-gladly-keeping-me.html,False,False,False,False
1l0uq79,"Could Patriots release Stefon Diggs? ‚ÄòIt‚Äôs not just the boat,‚Äô Scott Zolak says",755,268,Purdy-Damn-Good,2025-06-01 17:32:53,https://www.nbcsportsboston.com/nfl/new-england-patriots/stefon-diggs-release-possibility-boat-scott-zolak/712015/,False,False,False,False
1l0h07g,"[Highlight] Carl Nassib brings down Lamar for the strip sack, which leads to the game winning TD for Las Vegas.",725,106,DragonstormSTL,2025-06-01 05:12:30,https://v.redd.it/etkxdqko194f1,False,False,False,False
1l0b3tv,Mark Murphy's final day as Packers team president will be July 25,599,106,Autocrat777,2025-05-31 23:48:14,https://www.nbcsports.com/nfl/profootballtalk/rumor-mill/news/mark-murphys-final-day-as-packers-team-president-will-be-july-25,False,False,False,False
1l0ttb3,"Dan Campbell: I'm not worried about anything, Lions are where we want in my fifth year",454,124,ericaepic,2025-06-01 16:55:38,https://www.nbcsports.com/nfl/profootballtalk/rumor-mill/news/dan-campbell-im-not-worried-about-anything-lions-are-where-we-want-in-my-fifth-year,False,False,False,False
1l0puqv,Packers‚Äô Matt LaFleur rejects notion that Jordan Love regressed in 2024,365,350,76erLegendChetUtley,2025-06-01 14:09:24,https://www.nytimes.com/athletic/6390915/2025/05/30/packers-matt-lafleur-jordan-love-2024/,False,False,False,False
1l0of6r,Bills Rookie Deone Walker Says Lamar Jackson Got ‚ÄòRobbed‚Äô Out of MVP,358,262,HyseNjerry16,2025-06-01 13:01:28,https://www.essentiallysports.com/nfl-active-news-usd-five-point-two-million-bills-star-deone-walker-says-lamar-jackson-was-robbed-of-mvp-award-betrays-josh-allen/,False,False,False,False
1l0cc7f,[Highlight] Matthew Stafford & Demarcus Robinson win the game in OT for the Rams,234,53,Giberishusername1,2025-06-01 00:51:48,https://v.redd.it/nb0awnv5r74f1,False,False,False,False
1l0qajp,"[Highlight] Lawrence Taylor sacks Jets QB Ken O'Brien and taunts him: ""Son, y'all gotta do better than this""",224,38,mastermind208,2025-06-01 14:29:29,https://v.redd.it/5rej3wr1tb4f1,False,False,False,False
1l0x03u,"[Kownack] Chiefs' Andy Reid on Isiah Pacheco bulking up for upcoming season after 2024 injury: ""He's put on a couple pounds of good weight. He got himself down there a little bit last year and leaned up. But man, I think he looks tremendous right now.""",188,34,Drexlore,2025-06-01 19:05:07,https://www.nfl.com/news/chiefs-rb-bulked-up-with-goal-in-mind-going-back-to-216-4-37-isiah-pacheco-style?campaign=Twitter_atn,False,False,False,False
1l0wt31,"[Highlight] Michael Vick slices through the Vikings defense, sending two defenders careening into one another on his way to a walk-off touchdown in overtime (2002, Falcons vs. Vikings)",153,34,Roselucky7,2025-06-01 18:57:18,https://v.redd.it/2v5lkfqq4d4f1,False,False,False,False
1l0zljf,Could Patriots cut Stefon Diggs and owe him nothing? It's complicated.,158,115,Autocrat777,2025-06-01 20:53:39,https://www.nbcsports.com/nfl/profootballtalk/rumor-mill/news/could-patriots-cut-stefon-diggs-and-owe-him-nothing-its-complicated,False,False,False,False
1l0oe7q,[Robinson] The biggest blowouts in NFL history,138,87,MortgageAware3355,2025-06-01 13:00:22,https://www.yardbarker.com/nfl/articles/the_biggest_blowouts_in_nfl_history/s1__30137705#slide_1,False,False,False,False
1l0h2vk,[Highlight] Ndamukong Suh gets ejected from the game after stomping on Evan Dietrich-Smith,131,71,dman6233,2025-06-01 05:16:56,https://www.youtube.com/watch?v=uJMVgVaXwgA,False,False,False,False
1l0u12h,[Highlight] Jared Cook with an unbelievable catch to set up the Game-Winning FG! | Packers vs Cowboys 2017 Divisional,129,40,mastermind208,2025-06-01 17:04:11,https://v.redd.it/ouh5ewmikc4f1,False,False,False,False
1l0sr9q,NFLPA ponders eventual NFL push for European division,124,358,Happy_Weed,2025-06-01 16:11:59,https://www.nbcsports.com/nfl/profootballtalk/rumor-mill/news/nflpa-ponders-eventual-nfl-push-for-european-division,False,False,False,False
1l0u56k,"[NFL.com] Top 10 most complete NFL teams for 2025 season: Bills, Eagles, Lions among well-rounded squads",76,56,yomjoseki,2025-06-01 17:08:49,https://www.nfl.com/news/nfl-s-top-10-most-complete-teams-for-2025-season-bills-eagles-lions-among-well-rounded-squads,False,False,False,False
1l0o56b,Interesting analysis of football physics,67,6,rodrigo_i,2025-06-01 12:47:50,https://www.reddit.com/r/nfl/comments/1l0o56b/interesting_analysis_of_football_physics/,False,False,False,False
1l0heyj,Blast from the Past: Vinny Testaverde,66,34,Omega43-j,2025-06-01 05:37:34,https://www.reddit.com/r/nfl/comments/1l0heyj/blast_from_the_past_vinny_testaverde/,False,False,False,False
1l0tyvb,What's your favorite playoff game ever? (Excluding Super Bowls),54,167,Solaris123-com,2025-06-01 17:01:50,https://www.reddit.com/r/nfl/comments/1l0tyvb/whats_your_favorite_playoff_game_ever_excluding/,False,False,False,False
1l0nuip,[Highlight] Troy Polamalu lines up in the C-gap,52,19,Brix001,2025-06-01 12:32:23,https://www.youtube.com/watch?v=49UQFTanqhs,False,False,False,False
1l0qvw1,"[Over the Cap] Eleven NFL Teams Set to Gain Cap Room on June 2nd (Post-June 1 Moves, Impact on 2026 cap)",47,17,wishingaction,2025-06-01 14:55:04,https://overthecap.com/eleven-nfl-teams-set-to-gain-cap-room-on-june-2nd,False,False,False,False
1l0p7tk,[OC] Most receiving yards accumulated on touchdowns in a single season (Ja'Marr Chase's 2024 season ranks 16th best ever),38,18,JPAnalyst,2025-06-01 13:40:11,https://www.reddit.com/r/nfl/comments/1l0p7tk/oc_most_receiving_yards_accumulated_on_touchdowns/,False,False,False,False
1l0scs6,"The physics of a football's flight analyzed, featuring Tom Brady",34,4,dkesh,2025-06-01 15:55:22,https://www.youtube.com/watch?v=J3i3F2e4IYs,False,False,False,False
1l0x58x,"[Highlight] Clyde Simmons intercepts the shovel pass from Jim Kelly, scoring the Jaguars' first-ever playoff touchdown. (1996 AFC Wild Card)",26,36,Roselucky7,2025-06-01 19:11:03,https://v.redd.it/b8ze7h677d4f1,False,False,False,False
1l0q7ea,Every Team's Richest QB Contract Entering the 2025-26 Season,21,22,FollowerofYHWH,2025-06-01 14:25:29,https://i.redd.it/bzjuov97sb4f1.png,False,False,False,False
1l0xf08,[Highlight] Eagles hammer Cowboys and earn playoff berth in Tom Landry‚Äôs final game as coach (1988),17,13,KCShadows838,2025-06-01 19:22:11,https://m.youtube.com/watch?v=4BXPIG8Y3zc&pp=ygUTMTk4OCBlYWdsZXMgY293Ym95cw%3D%3D,False,False,False,False
1l0qyer,[Highlight] Bears O-Lineman Darnell Wright‚Äôs Emergency Kick Results in Game-Sealing Safety for Lions,18,6,Hopeful-Wallaby-6207,2025-06-01 14:58:05,https://v.redd.it/f0q0xvl2yb4f1,False,False,False,False
1l0m7dq,Sunday Brunch,11,194,AutoModerator,2025-06-01 10:58:29,https://www.reddit.com/r/nfl/comments/1l0m7dq/sunday_brunch/,False,False,False,True
1l0mqa1,What Everyone Gets Wrong About Football (ft. Tom Brady),6,13,Toto_radio,2025-06-01 11:30:08,https://www.youtube.com/watch?v=J3i3F2e4IYs,False,False,False,False
1l0j6qq,How to Throw a Football by Tom Brady,4,3,appmanga,2025-06-01 07:32:54,https://www.youtube.com/watch?v=lv5p2Xqkxyk,False,False,False,False
1l117zr,Dolphins/Bills Playoff Games,1,1,MoreTrifeLife,2025-06-01 22:01:24,https://www.reddit.com/r/nfl/comments/1l117zr/dolphinsbills_playoff_games/,False,False,False,False
1l0f10n,NFL players and Olympic flag football,0,6,TheVillianousFondler,2025-06-01 03:18:16,https://www.reddit.com/r/nfl/comments/1l0f10n/nfl_players_and_olympic_flag_football/,False,False,False,False
1l0dgn6,Did Carlos Rodgers cost the Cardinals the Superbowl by running into Fitzgerald on Harrison‚Äôs interception return ?,0,6,Strong_Farm7225,2025-06-01 01:52:57,https://www.reddit.com/r/nfl/comments/1l0dgn6/did_carlos_rodgers_cost_the_cardinals_the/,False,False,False,False
1l0n7ql,Chiefs never make Super Bowl excuses ‚Äì a lesson the 49ers must learn,0,52,Happy_Weed,2025-06-01 11:59:03,https://www.usatoday.com/story/sports/nfl/columnist/nate-davis/2025/05/30/49ers-chiefs-super-bowl-excuses-kyle-shanahan-patrick-mahomes/83940155007/,False,False,False,False
1l0vi0h,Which NFL teams are actually showing support for Pride Month?,0,103,Wise-Substance-3999,2025-06-01 18:04:01,https://i.redd.it/ibwlqhvcvc4f1.jpeg,False,False,False,False
1l0bmel,"Every franchise‚Äôs rigged moment, according to @talkinghockey",1460,952,MichelSilence,2025-06-01 00:14:10,https://i.redd.it/2z8e5bihk74f1.jpeg,False,False,False,False
1l0cees,Just finished Burke‚Äôs Law. What‚Äôs another book about a prominent NHL figure I should read?,100,76,Washedhockeyguy,2025-06-01 00:55:11,https://i.redd.it/nwow5mpsr74f1.jpeg,False,False,False,False
1l0ioar,Is Amazon filming behind the scenes again?,53,11,bannedredditaccount2,2025-06-01 06:59:29,https://www.reddit.com/r/nhl/comments/1l0ioar/is_amazon_filming_behind_the_scenes_again/,False,False,False,False
1l10xoi,If the oilers win‚Ä¶,10,39,Remarkable-Set5434,2025-06-01 21:49:15,https://www.reddit.com/r/nhl/comments/1l10xoi/if_the_oilers_win/,False,False,False,False
1l0e8wn,THE NEW YORK KNICKS HAVE BEEN ELIMINATED FROM CHAMPIONSHIP CONTENTION,20971,2726,ItsN0tTheB0at,2025-06-01 02:36:04,https://www.reddit.com/r/nba/comments/1l0e8wn/the_new_york_knicks_have_been_eliminated_from/,False,False,False,False
1l0er44,Kevin Harlan signs off on NBA on TNT for the final time,15801,550,FastBreakPhenom,2025-06-01 03:03:24,https://streamable.com/01evyy,False,False,False,False
1l0r703,LeBron James is set to become the first player in NBA history to play in 23 seasons.,13267,908,Fac_De_Sistem,2025-06-01 15:07:48,https://www.reddit.com/r/nba/comments/1l0r703/lebron_james_is_set_to_become_the_first_player_in/,False,False,False,False
1l0e7qy,"[Highlight] Tyrese Haliburton huge exclamation point triple as he leads the Pacers to the finals, causing the arena to erupt!",12923,626,fbreaker,2025-06-01 02:34:23,https://streamable.com/pzuil4,False,False,False,False
1l0fiuq,An emotional and teary eyed Ernie Johnson says goodbye to the NBA on TNT era (full clip),12634,485,hedorlover,2025-06-01 03:45:42,https://streamable.com/vwon2t,False,False,False,False
1l0eio1,Pascal Siakam receives the Most Valuable Player award for the Eastern Conference Finals series,10222,746,MrBuckBuck,2025-06-01 02:50:39,https://streamable.com/wpowjo,False,False,False,False
1l0e8l3,[Smith] This is now reality. Thunder vs Pacers will be the first NBA Finals since the luxury tax has been in effect where neither team was a taxpayer for that season.,10152,924,Goosedukee,2025-06-01 02:35:38,https://bsky.app/profile/keithsmithnba.bsky.social/post/3lqj7zhp4ik2i,False,False,False,False
1l0fcei,"Shaquille O'Neal on Inside the NBA moving to ESPN: ""We not coming to fuck around. We kicking ass. We taking over.""",7234,351,Goosedukee,2025-06-01 03:35:36,https://streamable.com/0dfp27,False,False,False,False
1l099n6,"[NBA on TNT] Reggie Miller: ""Dressed in All Black.... You know what time it is!""",5601,650,TheRealPdGaming,2025-05-31 22:22:10,https://streamable.com/zku576,False,False,False,False
1l0fqnq,"[The Athletic] ""Behind the scenes, Knicks players & coaches expressed frustration with KAT defensive habits‚Ä¶Too often, KAT executed incorrect coverages without communicating why‚Ä¶After it became a theme, players worried Towns didn‚Äôt grasp the importance""",5218,1041,MrBuckBuck,2025-06-01 03:58:14,https://www.reddit.com/r/nba/comments/1l0fqnq/the_athletic_behind_the_scenes_knicks_players/,False,False,False,False
1l0fgrh,"The ""Inside the NBA"" crew drops their mics on their final send-off on TNT",5111,249,Mission_Pay_3373,2025-06-01 03:42:22,https://streamable.com/3tje2g,False,False,False,False
1l0cmd4,[Highlight] Referee attempts to explain to Rick Carlisle that kicking up your knee is part of a normal shooting motion,4654,706,Growsomedope,2025-06-01 01:07:13,https://streamable.com/eiq7hk,False,False,False,False
1l0e8tq,"[Post Game Thread] The Indiana Pacers win the East 4-2 over the New York Knicks, 125-108. The Pacers make their first Finals trip since 2000, Pascal Siakam sizzles with 31/5/3, Tyrese Haliburton has 21/6/14",4213,1330,ItsN0tTheB0at,2025-06-01 02:35:58,https://www.reddit.com/r/nba/comments/1l0e8tq/post_game_thread_the_indiana_pacers_win_the_east/,False,False,False,False
1l0hl4a,The Knicks fans are letting it all out after being eliminated,4166,1062,MrBuckBuck,2025-06-01 05:48:19,https://streamable.com/ue838s,False,False,False,False
1l0eqb4,"Tyrese ""Olympics DNP"" Haliburton is the last man standing from the 2025 Avengers USA Olympics Squad",3914,210,eduvina,2025-06-01 03:02:10,https://www.reddit.com/r/nba/comments/1l0eqb4/tyrese_olympics_dnp_haliburton_is_the_last_man/,False,False,False,False
1l0xv3g,"LeBron James discusses what he sees as the problem with youth sports: ""Me and my guys, we ran track and field as well. We played football all through high school. We didn't just do one thing all year round. I think a lot of kids, they burn the hell out.""",3339,313,Goosedukee,2025-06-01 19:41:08,https://streamable.com/412tib,False,False,False,False
1l0uhmu,Embiid to Hali: ‚ÄúI might wanna come to Indy‚ÄîSike. Never in my life. I‚Äôd rather retire‚Äù,3121,516,jonsnowKITN,2025-06-01 17:23:07,https://streamable.com/7web4z,False,False,False,False
1l0ehql,[Agness] Recipient of the fourth annual Larry Bird Eastern Conference Finals MVP award winner: Pascal Siakam,2870,354,Goosedukee,2025-06-01 02:49:20,https://bsky.app/profile/scottagness.bsky.social/post/3lqjapqazms24,False,False,False,False
1l0dxdy,[Highlight] Jalen Brunson just straight up head butts Nembhard after Nembhard gets the steal from him,2722,306,fbreaker,2025-06-01 02:18:41,https://streamable.com/vjxxsz,False,False,False,False
1l0ebd5,The Knicks have now lost to a lower seed in 5 straight playoff appearances ‚Äî 3 of those losses came against the Pacers.,2557,265,dj-mill,2025-06-01 02:39:43,https://www.reddit.com/r/nba/comments/1l0ebd5/the_knicks_have_now_lost_to_a_lower_seed_in_5/,False,False,False,False
1l0pfb8,"Indianapolis and Oklahoma City are only 740 miles apart, the closest for an NBA Finals matchup since the NBA-ABA Merger",2029,113,MickeyNicholson,2025-06-01 13:49:59,https://www.reddit.com/r/nba/comments/1l0pfb8/indianapolis_and_oklahoma_city_are_only_740_miles/,False,False,False,False
1l0en5p,"Myles Turner addresses the Gainbridge Fieldhouse crowd after clinching a Finals berth: ""Y'all been rocking with me for 10 years now. I got nothing but love and respect for this city, this team, this organization. We got four more baby, we got four more to bring it home.""",1901,127,Goosedukee,2025-06-01 02:57:34,https://streamable.com/ujdm9l,False,False,False,False
1l0ejb5,"[Murray] And we are here, the NBA Finals built by teams that traded Paul George and Domantas Sabonis to California for All-NBA point guards",1822,134,Kimber80,2025-06-01 02:51:40,https://bsky.app/profile/lawmurraythenu.bsky.social/post/3lqjagu2ces2q,False,False,False,False
1l0m665,"[East] ""I didn't know they had a trophy for that, but I'm excited,"" Siakam says of winning ECF MVP. ""I'm just a young kid from Cameroon... that gave everything to the game of basketball.""",1812,151,Kimber80,2025-06-01 10:56:10,https://bsky.app/profile/tonyreast.bsky.social/post/3lqjewn5mnk2p,False,False,False,False
1l0f7qm,"Pacers fans chant ""Underrated"" during Tyrese Haliburton's interview with Inside the NBA",1787,71,Goosedukee,2025-06-01 03:28:28,https://streamable.com/iqq09l,False,False,False,False
1l0ea65,[Murray] The Indiana Pacers are 7-0 this postseason when Tyrese Haliburton scores more than 20 points,1655,133,A_MASSIVE_PERVERT,2025-06-01 02:38:00,https://bsky.app/profile/lawmurraythenu.bsky.social/post/3lqja34ri5k2q,False,False,False,False
1l0ft14,Jalen Brunson on if Tom Thibodeau is the right coach for Knicks going forward: ‚ÄúIs that a real question right now? You just asked me if I believe he's the right guy. Yes. Come on.‚Äù He then ends the press conference.,1604,294,Goosedukee,2025-06-01 04:01:42,https://streamable.com/6zotpm,False,False,False,False
1l0p5w3,"[Deveney] Lakers are dead-set on pushing for Bronny James to be part of the rotation next year.""I don't think there's any doubt that's their plan,"" one Western Conference executive said..we've seen a lot of tape on (Bronny) and the fact is, he was a lot better player in April than he was in October""",1333,397,th31whoknocks,2025-06-01 13:37:37,https://www.reddit.com/r/nba/comments/1l0p5w3/deveney_lakers_are_deadset_on_pushing_for_bronny/,False,False,False,False
1l0tehd,[Windhorst]: ‚Äú‚Ä¶the Raptors are a team that is starting to make noise within the league about looking for a big fish‚Ä¶‚Äù,1089,345,Proof-Umpire-7718,2025-06-01 16:38:40,https://www.reddit.com/r/nba/comments/1l0tehd/windhorst_the_raptors_are_a_team_that_is_starting/,False,False,False,False
1l0d2ub,"[Highlight] Karl-Anthony Towns knees Myles Turner in a very sensitive area, and Turner is called for the foul during it (with a replay).
Also, a replay of OG Anunoby's incredible block.
Turner fights through the pain.",1045,144,MrBuckBuck,2025-06-01 01:31:44,https://streamable.com/naj6qq,False,False,False,False
1l0y51e,[Myles Turner] for Player‚Äôs Tribune: It Took Me 10 Years to Write This ‚Äî ‚Äúmy name was popping up in trade rumors a lot [‚Ä¶] I got pretty depressed.‚Äù,1047,72,JoshGordons_burner,2025-06-01 19:52:49,https://www.reddit.com/r/nba/comments/1l0y51e/myles_turner_for_players_tribune_it_took_me_10/,False,False,False,False
1l0dxgg,"[Highlight] Andrew Nembhard strips Jalen Brunson and scores the fastbreak layup (with a replay).
That's his 6th steal of the night.
Brunson headbutts Nembhard afterward, but no call.",982,102,MrBuckBuck,2025-06-01 02:18:47,https://streamable.com/2vhl4e,False,False,False,False
1l0ej2k,[Highlight] The 2025 Eastern Conference Finals MVP: Pascal Siakam,925,98,A_MASSIVE_PERVERT,2025-06-01 02:51:18,https://streamable.com/katkbn,False,False,False,False
1l0ejwn,"Since 2000, the Knicks have only made it past the first round 5 times. 4 of those playoff runs have ended cause of the Indiana Pacers",889,70,cacti_zoom,2025-06-01 02:52:34,https://www.reddit.com/r/nba/comments/1l0ejwn/since_2000_the_knicks_have_only_made_it_past_the/,False,False,False,False
1l0e9sq,"[Uthayakumar] Four Canadians in the NBA Finals, tied for the most in NBA history Shai Gilgeous-Alexander, Lu Dort, Andrew Nembhard, Bennedict Mathurin",865,125,Goosedukee,2025-06-01 02:37:26,https://bsky.app/profile/keerthikau.bsky.social/post/3lqja3qp5gc2f,False,False,False,False
1l0eu2o,"[All-Access] ‚ÄúI‚Äôve spent a third of my life here, man.‚Äù Myles Turner speaks in front of the Pacers crowd after winning the Eastern Conference Finals",805,52,nba,2025-06-01 03:07:52,https://v.redd.it/zhgz2mxgf84f1,False,False,False,False
1l0ehjj,Pascal Siakam is the ECFMVP,777,180,Proof-Umpire-7718,2025-06-01 02:49:01,https://www.reddit.com/r/nba/comments/1l0ehjj/pascal_siakam_is_the_ecfmvp/,False,False,False,False
1l0eow4,(@NBAPR) Pascal Siakam received five of the nine votes for Eastern Conference Finals MVP from a media panel covering the series. Tyrese Haliburton received the other four votes. Full votes:,756,132,sewsgup,2025-06-01 03:00:15,https://www.reddit.com/r/nba/comments/1l0eow4/nbapr_pascal_siakam_received_five_of_the_nine/,False,False,False,False
1l0egb4,Reggie Miller awards the Indiana Pacers with the Eastern Conference Championship trophy!,614,54,MrBuckBuck,2025-06-01 02:47:14,https://streamable.com/qjbxtg,False,False,False,False
1l0f37s,"The Thunder open up as -800 favorites against the Pacers, the 6th highest NBA Finals favorites since 1968",597,313,TomasRoncero,2025-06-01 03:21:35,https://www.reddit.com/r/nba/comments/1l0f37s/the_thunder_open_up_as_800_favorites_against_the/,False,False,False,False
1l0eaz3,[Highlight] This Landry Shamet three is the last bucket you will see in an NBA game aired on TNT,535,63,Goosedukee,2025-06-01 02:39:09,https://streamable.com/iz4pc6,False,False,False,False
1l0edhk,"Pascal Siakam with another massive performance for the Pacers. Leads the team with 31 points on 10/18 FG, 3/5 on 3's, along with 5 rebounds, 3 assists, 3 blocks, and 1 steal. Siakam advances to the finals for the second time in his career!",497,61,-WaterIsGreat-,2025-06-01 02:43:03,https://www.reddit.com/r/nba/comments/1l0edhk/pascal_siakam_with_another_massive_performance/,False,False,False,False
1l0fa1m,"For the fourth straight year, the loser of the ECF went on to go to the finals the very next year.",494,60,Geloloboy,2025-06-01 03:31:55,https://www.reddit.com/r/nba/comments/1l0fa1m/for_the_fourth_straight_year_the_loser_of_the_ecf/,False,False,False,False
1l0g6pg,"Pacers fans chanting ""TNT, TNT, TNT"" before the last goodbye for Inside The NBA on TNT.",463,36,MrBuckBuck,2025-06-01 04:23:17,https://streamable.com/bwfzl6,False,False,False,False
1l0e1b2,"[Highlight] Andrew Nembhard with the 3-pointer to put the Pacers up 19 points, with 4:20 minutes remaining in regulation. The possible dagger to seal the series for the Pacers.",454,97,MrBuckBuck,2025-06-01 02:24:42,https://streamable.com/ljjq3t,False,False,False,False
1l0ckno,"[Highlight] Aaron Nesmith grabs Karl-Anthony Towns and is called for his 3rd personal foul, as he is in disbelief.
Tyrese Haliburton grabs Mikal Bridges and is called for the foul, and he cannot believe the call as well (with replays)",420,135,MrBuckBuck,2025-06-01 01:04:39,https://streamable.com/xkop31,False,False,False,False
1l0fo57,"Pictures of the TNT crews through the years, as Kevin Harlan and Reggie Miller annotate through it.",404,26,MrBuckBuck,2025-06-01 03:54:07,https://streamable.com/nhb8ro,False,False,False,False
1l0ec78,The Pacers clinch their first Finals appearance in 25 years,396,64,Subject-Property-343,2025-06-01 02:41:02,https://www.reddit.com/r/nba/comments/1l0ec78/the_pacers_clinch_their_first_finals_appearance/,False,False,False,False
1l0r62f,"Luka Doncic Explains Origin For Love Of Basketball: ""I wasn‚Äôt good at any other sports. Except soccer, I was not like you, but (OK). I was playing a lot of other sports...and then I went outside, after school I went outside every time and played basketball‚Ä¶ Anything, but mostly basketball.‚Äù",391,70,Turbostrider27,2025-06-01 15:06:42,https://www.reddit.com/r/nba/comments/1l0r62f/luka_doncic_explains_origin_for_love_of/,False,False,False,False
1l0ecsg,[Highlight] A deep 3-pointer from Tyrese Haliburton ices Game 6 for the Pacers as they head to NBA Finals with a 4-2 series win over the Knicks,390,36,nba,2025-06-01 02:42:00,https://v.redd.it/h42x42xta84f1,False,False,False,False
1l0ecv1,"[Smith] Since the Thunder do not claim the SuperSonics title in 1979 as their own, we'll have a first-time NBA champion in 2025. First time since Heat vs Mavericks in the 2006 NBA Finals that both teams were looking for the franchise's first NBA championship.",378,53,Kimber80,2025-06-01 02:42:06,https://bsky.app/profile/keithsmithnba.bsky.social/post/3lqjadvpays2i,False,False,False,False
1l0by3b,"[Highlight] Aaron Nesmith cannot believe he got called for his 2nd personal foul, late in the 1st quarter.",365,66,MrBuckBuck,2025-06-01 00:31:00,https://streamable.com/mdk4m8,False,False,False,False
1l0e6hg,"[Highlight] Obi Toppin with the alley-oop dunk off an assist by Tyrese Haliburton to seal game and series for the Pacers (with a replay). Pascal Siakam with the block, and Karl-Anthony Towns with the turnover at the other end. The Knicks empty their bench seconds after!",320,39,MrBuckBuck,2025-06-01 02:32:29,https://streamable.com/mueal2,False,False,False,False
1l0a2qk,"GAME THREAD: New York Knicks (2-3) @ Indiana Pacers (3-2) - (June 01, 2025)",323,20208,NBA_MOD,2025-05-31 23:00:00,https://www.reddit.com/r/nba/comments/1l0a2qk/game_thread_new_york_knicks_23_indiana_pacers_32/,False,False,False,False
1l0ezmc,The Indiana Pacers have now sent the Bucks and Knicks home in the same postseason in back-to-back years. Pacers are quietly becoming the bogeyman of the East.,287,70,taygads,2025-06-01 03:16:13,https://www.reddit.com/r/nba/comments/1l0ezmc/the_indiana_pacers_have_now_sent_the_bucks_and/,False,False,False,False
1l0gbtd,"Shaquille O'Neal, Kenny Smith and Charles Barkley say their last words on TNT, before Inside The NBA is moving to ESPN.",255,38,MrBuckBuck,2025-06-01 04:31:38,https://streamable.com/eiicqz,False,False,False,False
1l0dagh,"[Highlight] Thomas Bryant continuing to have a huge impact - collects a rebound and hits another 3, from the corner. Timeout Knicks",252,35,Jailbrick3d,2025-06-01 01:43:17,https://streamable.com/bkbdbw,False,False,False,False
1l0sorf,"In the 2022 offseason, Deandre Ayton agreed to a max contract with the Pacers, however Ayton was a RFA and the Suns matched the deal.",258,60,Proof-Umpire-7718,2025-06-01 16:08:58,https://www.reddit.com/r/nba/comments/1l0sorf/in_the_2022_offseason_deandre_ayton_agreed_to_a/,False,False,False,False
1l0ehb9,"Tyrese Haliburton has averaged 21.0 points, 10.5 assists (1.7 turnovers) and 6.0 rebounds, 2.5 steals, 0.3 blocks on 46/33/82 shooting splits (57% TS) in 6 games in the 2025 Eastern Conference Finals.",240,63,leva17r,2025-06-01 02:48:41,https://www.reddit.com/r/nba/comments/1l0ehb9/tyrese_haliburton_has_averaged_210_points_105/,False,False,False,False
1l0s5pq,Interesting fact: The last player to lead their team to a finals before their 5th season was Lebron in 2007,236,73,Funny-Transition7869,2025-06-01 15:47:17,https://www.reddit.com/r/nba/comments/1l0s5pq/interesting_fact_the_last_player_to_lead_their/,False,False,False,False
1l0ehou,Both Tyrese Haliburton and Luka Doncic made it to the NBA finals before the De‚ÄôAaron Fox and Domantas Sabonis,231,52,IndicationExternal20,2025-06-01 02:49:16,https://www.reddit.com/r/nba/comments/1l0ehou/both_tyrese_haliburton_and_luka_doncic_made_it_to/,False,False,False,False
1l0esyn,[All-Access] Pascal Siakam is awarded the Larry Bird trophy as MVP of the Eastern Conference Finals,215,17,nba,2025-06-01 03:06:13,https://v.redd.it/m46osce6f84f1,False,False,False,False
1l0fnxg,"Thomas Bryant's last 3 years: Called for a post-up when LeBron broke the scoring record, traded to Denver for a 2nd rounder the next day, wins his first ring. Signs to the Heat, traded for a 2nd rounder, suddenly has a legacy game to send the Pacers to the finals.",212,28,kurruchi,2025-06-01 03:53:46,https://www.reddit.com/r/nba/comments/1l0fnxg/thomas_bryants_last_3_years_called_for_a_postup/,False,False,False,False
1l0es4m,Eastern Conference Finals MVP Voting Results ‚Äî Pascal Siakam received five of the nine votes for Eastern Conference Finals MVP from a media panel covering the series. Tyrese Haliburton received the other four votes.,200,57,AashyLarry,2025-06-01 03:05:01,https://www.reddit.com/r/nba/comments/1l0es4m/eastern_conference_finals_mvp_voting_results/,False,False,False,False
1l0952i,"[Scotto] Indiana Pacers center Tony Bradley is receiving treatment on his injured hip and will be a game-time decision for Game 6 against the New York Knicks, league sources told @hoopshypeofficial.bsky.social.",202,33,Kimber80,2025-05-31 22:16:19,https://bsky.app/profile/mikeascotto.bsky.social/post/3lqirgsd63c2h,False,False,False,False
1l0et3l,Rick Carlisle full postgame interview during the Eastern Conference Finals ceremony. He also congratulates Ernie Johnson and TNT for a fabulous run that is coming to an end,201,13,MrBuckBuck,2025-06-01 03:06:25,https://streamable.com/l7rzeo,False,False,False,False
1l0dnqx,"[Highlight] Knicks botch the fast break, and then give Haliburton a red carpet to the basket for a dunk. Josh Hart badly misses a 3 to end the 3rd quarter. Pacers up 92-77",201,56,Jailbrick3d,2025-06-01 02:03:53,https://streamable.com/6fea8j,False,False,False,False
1l0ygng,"J-Dub on watching the Finals growing up: ""I just remember rushing out of practice, and we would all get on the group sofa and watch. It was usually the Lakers and Celtics growing up, but we would always watch whatever Finals game was going on. I remember a lot of those very distinctly...""",203,60,sewsgup,2025-06-01 20:06:31,https://streamable.com/oja8xw,False,False,False,False
1l0eo5n,Inside The NBA By TNT Final Thread,191,149,TheMoorNextDoor,2025-06-01 02:59:07,https://www.reddit.com/r/nba/comments/1l0eo5n/inside_the_nba_by_tnt_final_thread/,False,False,False,False
1l0xt00,"Trae Young posts in response to a fan saying he'll be in the finals next year: ""Promise..ü§ûüèΩ"" and ""You gotta believe the delusion. It's only delusional until it works""",194,62,kurruchi,2025-06-01 19:38:39,https://streamable.com/7mo3kk,False,False,False,False
1l0i6zl,"KAT talks about experience of getting to play alongside Brunson: ""Being able to watch Jalen from afar in the west and see what he's done for the city, it's even crazier in person... I don't say this lightly, it's a blessing and it's an honor that I get to play with Jalen Brunson.""",186,30,HokageEzio,2025-06-01 06:27:16,https://streamable.com/q285cy,False,False,False,False
1l0ezga,"Pascal Siakam's ECF MVP speech, after winning the Eastern Conference Finals with the Pacers",176,11,MrBuckBuck,2025-06-01 03:15:58,https://streamable.com/vkxy3h,False,False,False,False
1l0vos5,[Hoop Collective] Tim Bontemps on why he voted for Pascal Siakam over Tyrese Haliburton for the Eastern Conference Finals MVP,175,123,TheRealPdGaming,2025-06-01 18:11:44,https://streamable.com/5q6uxl,False,False,False,False
1l0d4lt,"[Highlight] Thomas Bryant with a block on Anunoby, leading to a transition Siakam layup and-1. Bryant is fired up after the play",172,23,Jailbrick3d,2025-06-01 01:34:21,https://streamable.com/455hig,False,False,False,False
1l0srho,Rick Carlisle legacy if the Pacers win the finals,176,95,CrazyWaffleGuy,2025-06-01 16:12:15,https://www.reddit.com/r/nba/comments/1l0srho/rick_carlisle_legacy_if_the_pacers_win_the_finals/,False,False,False,False
1l0ofru,Rick Carlisle is the 5th coach to lead 2 franchises to the NBA Finals (since 1976 merger),169,39,100101110111001,2025-06-01 13:02:17,https://www.reddit.com/r/nba/comments/1l0ofru/rick_carlisle_is_the_5th_coach_to_lead_2/,False,False,False,False
1l0foq3,OKC vs IND will have the lowest combined metro population ina finals series since the 1955 finals matchup of the Fort Wayne Pistons and Syracuse Nationals,163,49,BogleDick,2025-06-01 03:55:03,https://www.reddit.com/r/nba/comments/1l0foq3/okc_vs_ind_will_have_the_lowest_combined_metro/,False,False,False,False
1l0hwx0,None of the last 6 teams to knock out the defending champs have won the championship,154,13,Sartheking,2025-06-01 06:08:59,https://www.reddit.com/r/nba/comments/1l0hwx0/none_of_the_last_6_teams_to_knock_out_the/,False,False,False,False
1l0ec53,"If the Indiana Pacers win the 2025 NBA Championship, that would make the Central Division the first of any Division to have all members as Champions",154,18,thesavant,2025-06-01 02:40:56,https://www.reddit.com/r/nba/comments/1l0ec53/if_the_indiana_pacers_win_the_2025_nba/,False,False,False,False
1l0cqtc,[Highlight] OG Anunoby hits Tyrese Haliburton in the face and finds Karl-Anthony Towns for the easy 2 (with a replay),143,78,MrBuckBuck,2025-06-01 01:13:58,https://streamable.com/nhka13,False,False,False,False
1l0dgfj,[Highlight] Pacers turn up the defensive pressure and Nembhard shuts down Brunson,144,17,Jailbrick3d,2025-06-01 01:52:36,https://streamable.com/229h44,False,False,False,False
1l0eigb,[All-Access] The Indiana Pacers raise the Bob Cousy Trophy as Champions of the Eastern Conference,140,11,nba,2025-06-01 02:50:21,https://v.redd.it/pshaxyfcc84f1,False,False,False,False
1l0e5p4,"[Highlight] Off the miss from Bridges, Haliburton gets downcourt and lobs it for Toppin for a slam",142,22,Jailbrick3d,2025-06-01 02:31:16,https://streamable.com/lloesa,False,False,False,False
1l0jy5i,[Stein] A five-year deal in the $150 million range is indeed the most commonly projected ballpark for Chicago's restricted free agent-to-be Josh Giddey.,138,109,Odd-Direction9452,2025-06-01 08:24:53,https://www.reddit.com/r/nba/comments/1l0jy5i/stein_a_fiveyear_deal_in_the_150_million_range_is/,False,False,False,False
1l0eozd,"If you don't count the Seattle Supersonics part of the Oklahoma City Thunder history, this is the first NBA Finals since 2006 where both teams haven't had a championship yet.",135,50,fanime34,2025-06-01 03:00:22,https://www.reddit.com/r/nba/comments/1l0eozd/if_you_dont_count_the_seattle_supersonics_part_of/,False,False,False,False
1l0ej8q,"With the Pacers close out of the Knicks game 6 of the 2025 ECF, we say farewell to NBA on TNT",132,39,shadow_spinner0,2025-06-01 02:51:34,https://www.reddit.com/r/nba/comments/1l0ej8q/with_the_pacers_close_out_of_the_knicks_game_6_of/,False,False,False,False
1l0ef76,"[Uthayakumar] Pacers outscored the Knicks by 79 in points off turnovers (140-61), tied for the second-largest differential in a playoff series over the last 25 postseasons. Thunder set the record with their +85 differential against the Nuggets this year",133,15,Turbostrider27,2025-06-01 02:45:35,https://bsky.app/profile/keerthikau.bsky.social/post/3lqjakz6x722f,False,False,False,False
1l0eu1o,Josh Hart in a crucial Game 6: 4/6/1 on 1-6 FG and 0-2 from 3PT with 1 turnover and 3 fouls,130,59,EutaxySpy,2025-06-01 03:07:49,https://www.reddit.com/r/nba/comments/1l0eu1o/josh_hart_in_a_crucial_game_6_461_on_16_fg_and_02/,False,False,False,False
1l0bogc,"[Highlight] OG Anunoby scores the lefty layup to beat the shot clock, and the Pacers don't waste time and Pascal Siakam scores the fastbreak at the other end.",132,10,MrBuckBuck,2025-06-01 00:17:06,https://streamable.com/6jaomn,False,False,False,False
1l0zz5z,"LeBron/Luka/Nash talk about playground basketball: ""You're out there going one-on-four against your friends. What's more joyful? Learning through trial and error there OR a coach saying 'here's the cones'? (...) The joy, the creativity comes out of the game. That's why you get kids quitting at 13.""",145,19,kurruchi,2025-06-01 21:08:53,https://streamable.com/9lmf06,False,False,False,False
1l0gfpl,The Inside crew signs off with precisely 2 fucks given,129,14,tanookiben,2025-06-01 04:38:06,https://streamable.com/ehq9xa,False,False,False,False
1l0f78b,"Jalen Brunson on if he's confident on the Knicks taking the next step: ""The most confidence. Overconfident. Seriously.""",130,104,Goosedukee,2025-06-01 03:27:40,https://streamable.com/wx08zo,False,False,False,False
1l0e0wa,[Highlight] Nembhard hits the series-dagger 3!,122,31,Growsomedope,2025-06-01 02:24:04,https://streamable.com/cianhl,False,False,False,False
1l0f4t9,Myles Turner interview with Ernie Johnson during the Eastern Conference championship ceremony.,124,14,MrBuckBuck,2025-06-01 03:24:01,https://streamable.com/bfoilh,False,False,False,False
1l0g1dj,The New York Knicks and the TNT crew Gone Fishin',117,2,MrBuckBuck,2025-06-01 04:14:36,https://streamable.com/u5pj0e,False,False,False,False
1l0dqwz,[Injury] Jarace Walker's ugly ankle turn | Streamable,116,35,Growsomedope,2025-06-01 02:08:46,https://streamable.com/4uoou3,True,False,False,False
1l0s6b8,Assuming Julius Randle and Naz Reid opt out of their contracts the Timberwolves will be ~54 million dollars under the 2nd apron. Nickeil Alexander-Walker will also be a free agent. How do you handle this contract situation if you were the Wolves GM?,123,146,FastBreakPhenom,2025-06-01 15:47:57,https://www.reddit.com/r/nba/comments/1l0s6b8/assuming_julius_randle_and_naz_reid_opt_out_of/,False,False,False,False
1l0eoju,[Thinking Basketball] The Pacers ‚ÄúBeautiful Game‚Äù offense is relentless and magical,112,14,m1kedlr,2025-06-01 02:59:46,https://youtu.be/8Az91cJSfRk?si=sylORK5hHFnmgf-x,False,False,False,False
1l0jrev,"The Indiana Pacers have the opportunity to become the third ABA team to win an NBA Championship, leaving the Brooklyn Nets as the last ABA side yet to claim their maiden NBA title.",110,34,BoshtrichBurger,2025-06-01 08:12:07,https://www.reddit.com/r/nba/comments/1l0jrev/the_indiana_pacers_have_the_opportunity_to_become/,False,False,False,False
1l0e4ic,[Highlight] Obi Toppin with the powerful one-handed dunk off a dime by Tyrese Haliburton (with replays),109,19,MrBuckBuck,2025-06-01 02:29:30,https://streamable.com/a4iyqb,False,False,False,False
1l0dw1a,Guys. I think Cal Raleigh is good.,1268,161,Marinersfan505,2025-06-01 02:16:34,https://i.redd.it/cs171pnb684f1.jpeg,False,False,False,False
1l0rxzu,Cameras Caught Shohei Ohtani Appearing to Fall Asleep During Dodgers' Blowout Win,348,86,Strict-Ebb-8959,2025-06-01 15:38:28,https://www.si.com/mlb/cameras-caught-shohei-ohtani-appearing-to-fall-asleep-during-dodgers-blowout-win,False,False,False,False
1l0ft68,[Highlight] COLE YOUNG WALKS IT OFF FOR THE MARINERS IN HIS MLB DEBUT!!!,316,15,TheM1ghtyBear,2025-06-01 04:01:52,https://v.redd.it/fp60nhw3p84f1,False,False,False,False
1l0lwlv,Edgar Martinez took the all-time DH position. Who's the greatest defensive catcher of all time?,145,301,ssjskwash,2025-06-01 10:38:55,https://i.redd.it/xeggmv5yna4f1.png,False,False,False,False
1l0iwh6,On This Date in Baseball History - June 1,15,1,danthemjfan23,2025-06-01 07:14:06,https://i.redd.it/7pgqqrmen94f1.jpeg,False,False,False,False
1l10vf0,Jose Ram√≠rez contract is kind of criminal. Someone arrest the Guards for grand larceny.,13,21,RipplesOfDivinity,2025-06-01 21:46:25,https://www.reddit.com/r/mlb/comments/1l10vf0/jose_ram√≠rez_contract_is_kind_of_criminal_someone/,False,False,False,False
1l0ua9w,Who are the best bench warmers in MLB?,11,34,DonT012,2025-06-01 17:14:53,https://www.reddit.com/r/mlb/comments/1l0ua9w/who_are_the_best_bench_warmers_in_mlb/,False,False,False,False
1l0ug9p,MLB All Star Voting Begins June 4th at Noon ET- And Ends June 26 at Noon ET (First Voting Round of Two-Round Voting System).  Who‚Äôs on Your Ballot? (Voting Process Also Explained),5,26,GoLionsJD107,2025-06-01 17:21:39,https://www.mlb.com/all-star/ballot,False,False,False,False
1l094j5,/r/MLB - New York Yankees VS Los Angeles Dodgers [Game Thread],5,32,MLB_Reddit,2025-05-31 22:15:32,https://www.reddit.com/r/mlb/comments/1l094j5/rmlb_new_york_yankees_vs_los_angeles_dodgers_game/,False,False,False,False
1l0slsb,/r/MLB - St. Louis Cardinals VS Texas Rangers [Game Thread],2,9,MLB_Reddit,2025-06-01 16:05:34,https://www.reddit.com/r/mlb/comments/1l0slsb/rmlb_st_louis_cardinals_vs_texas_rangers_game/,False,False,False,True
1l0cojz,/r/MLB - Washington Nationals VS Arizona Diamondbacks [Game Thread],2,7,MLB_Reddit,2025-06-01 01:10:32,https://www.reddit.com/r/mlb/comments/1l0cojz/rmlb_washington_nationals_vs_arizona_diamondbacks/,False,False,False,False
1l0aiap,Most divisional lead changes in a season in MLB history,2,2,ChipBrotwurst1027,2025-05-31 23:19:53,https://www.reddit.com/r/mlb/comments/1l0aiap/most_divisional_lead_changes_in_a_season_in_mlb/,False,False,False,False
1l094is,/r/MLB - Minnesota Twins VS Seattle Mariners [Game Thread],3,0,MLB_Reddit,2025-05-31 22:15:32,https://www.reddit.com/r/mlb/comments/1l094is/rmlb_minnesota_twins_vs_seattle_mariners_game/,False,False,False,False
1l118nh,Me watching the A's with another losing streak,6,0,DonyellFreak,2025-06-01 22:02:11,https://i.redd.it/wr7gl3or1e4f1.gif,False,False,False,False
1l0ipmk,/r/MLB - 2025 MLB Season [Daily Discussion Thread],1,3,MLB_Reddit,2025-06-01 07:01:36,https://www.reddit.com/r/mlb/comments/1l0ipmk/rmlb_2025_mlb_season_daily_discussion_thread/,False,False,False,True
1l0hcjz,Dodger Stadium turning into old Olympic Stadium?,0,4,TheSocraticGadfly,2025-06-01 05:33:24,https://www.reddit.com/r/mlb/comments/1l0hcjz/dodger_stadium_turning_into_old_olympic_stadium/,False,False,False,False
1l0s3um,There's no pride flag that looks like this. And why are the bars of the flag are all different sizes?,0,103,mush4brains,2025-06-01 15:45:14,https://i.redd.it/yicq5rnq4c4f1.png,False,False,False,False
